<?xml version="1.0" encoding="UTF-8"?>
<mxfile host="app.diagrams.net" modified="2023-07-11T23:20:52.890Z" agent="Mozilla/5.0 (Macintosh; Intel Mac OS X 10_15_7) AppleWebKit/537.36 (KHTML, like Gecko) Chrome/114.0.0.0 Safari/537.36" etag="NkMnaCTqdQYNkLx48WyH" version="21.6.2">
  <diagram id="ppmApNS5Bz6-0OtqezWz" name="Page-1">
    <mxGraphModel dx="1389" dy="604" grid="1" gridSize="10" guides="1" tooltips="1" connect="1" arrows="1" fold="1" page="1" pageScale="1" pageWidth="850" pageHeight="1100" background="#FFFFFF" math="0" shadow="0">
      <root>
        <mxCell id="0" />
        <mxCell id="2" value="Layer 0" parent="0" />
        <mxCell id="3" value="&lt;div style=&#39;width: 1123.0px;height:auto;word-break: break-word;&#39;&gt;&lt;div align=&quot;center&quot;&gt;&lt;span style=&quot;font-family: Arial; font-size: 20px; text-decoration: none; font-weight: bold; line-height: 0;&quot;&gt;&lt;span style=&quot;text-decoration: none; line-height: 22.75px;&quot; class=&quot;&quot;&gt;LEAD SOURCES&lt;/span&gt;&lt;/span&gt;&lt;/div&gt;&lt;/div&gt;" style="shape=rect;rounded=1;arcSize=15;absoluteArcSize=1;shadow=0;strokeWidth=2;fillColor=#d9d9d9;strokeColor=#000000;gradientColor=#FFFFFF;gradientDirection=north;opacity=100.0;html=1;nl2Br=0;verticalAlign=middle;align=center;spacingLeft=8.0;spacingRight=6;whiteSpace=wrap;gliffyId=57;" parent="2" vertex="1">
          <mxGeometry x="142" y="127.5" width="1130" height="108" as="geometry" />
        </mxCell>
        <mxCell id="4" value="&lt;div style=&#39;width: 153.0px;height:auto;word-break: break-word;&#39;&gt;&lt;div align=&quot;center&quot;&gt;&lt;span style=&quot;font-family: Arial; font-size: 48px; text-decoration: none; line-height: 0;&quot;&gt;&lt;span style=&quot;text-decoration: none; line-height: 53px;&quot; class=&quot;&quot;&gt;SFDC&lt;/span&gt;&lt;/span&gt;&lt;/div&gt;&lt;/div&gt;" style="shape=cylinder3;boundedLbl=1;backgroundOutline=1;size=9;;shadow=0;strokeWidth=2;fillColor=#f1c232;strokeColor=#333333;gradientColor=#FFFFDC;gradientDirection=north;opacity=100.0;html=1;nl2Br=0;verticalAlign=middle;align=center;spacingLeft=8.0;spacingRight=6;whiteSpace=wrap;gliffyId=0;" parent="2" vertex="1">
          <mxGeometry x="502.5" y="532.5" width="160" height="100" as="geometry" />
        </mxCell>
        <mxCell id="5" value="&lt;div style=&#39;width: 148.46666px;height:auto;word-break: break-word;&#39;&gt;&lt;div align=&quot;center&quot;&gt;&lt;span style=&quot;font-family: Arial; font-size: 24px; text-decoration: none; line-height: 0;&quot;&gt;&lt;span style=&quot;text-decoration: none; line-height: 27px;&quot;&gt;HubSpot&lt;/span&gt;&lt;/span&gt;&lt;/div&gt;&lt;div align=&quot;center&quot;&gt;&lt;span style=&quot;font-family: Arial; font-size: 24px; text-decoration: none; line-height: 0;&quot;&gt;&lt;span style=&quot;text-decoration: none; line-height: 27px;&quot;&gt;(current MA)&lt;/span&gt;&lt;/span&gt;&lt;/div&gt;&lt;/div&gt;" style="shape=cylinder3;boundedLbl=1;backgroundOutline=1;size=9;;shadow=0;strokeWidth=2;fillColor=#cccccc;strokeColor=#333333;gradientColor=#FFFFFF;gradientDirection=north;opacity=100.0;html=1;nl2Br=0;verticalAlign=middle;align=center;spacingLeft=10.266666;spacingRight=6;whiteSpace=wrap;gliffyId=6;" parent="2" vertex="1">
          <mxGeometry x="960" y="532.5" width="160" height="100" as="geometry" />
        </mxCell>
        <mxCell id="6" style="shape=filledEdge;strokeWidth=4;strokeColor=#ff0000;fillColor=none;startArrow=open;startFill=0;startSize=6;endArrow=open;endFill=0;endSize=6;rounded=1;gliffyId=8;edgeStyle=orthogonalEdgeStyle;" parent="2" source="5" target="4" edge="1">
          <mxGeometry width="216" height="78" relative="1" as="geometry">
            <Array as="points">
              <mxPoint x="960" y="582.5" />
              <mxPoint x="860.8333129882812" y="582.5" />
              <mxPoint x="761.6666870117188" y="582.5" />
              <mxPoint x="662.5" y="582.5" />
            </Array>
          </mxGeometry>
        </mxCell>
        <mxCell id="7" style="shape=rect;rounded=1;arcSize=15;absoluteArcSize=1;shadow=0;strokeWidth=2;fillColor=#d0e0e3;strokeColor=#333333;gradientColor=#FFFFFF;gradientDirection=north;opacity=100.0;gliffyId=11;" parent="2" vertex="1">
          <mxGeometry x="320" y="295" width="570" height="140" as="geometry" />
        </mxCell>
        <mxCell id="8" value="&lt;div style=&#39;width: 229.0px;height:auto;word-break: break-word;&#39;&gt;&lt;div align=&quot;center&quot;&gt;&lt;span style=&quot;font-family: Arial; font-size: 20px; font-weight: bold; line-height: 0;&quot;&gt;&lt;span style=&quot;line-height: 22.75px;&quot;&gt;Zapier Middleware&lt;/span&gt;&lt;/span&gt;&lt;/div&gt;&lt;/div&gt;" style="text;html=1;nl2Br=0;html=1;nl2Br=0;verticalAlign=middle;align=center;spacingLeft=0.0;spacingRight=0;whiteSpace=wrap;gliffyId=18;" parent="2" vertex="1">
          <mxGeometry x="475" y="391" width="232" height="44" as="geometry" />
        </mxCell>
        <mxCell id="9" value="&lt;div style=&#39;width: 93.0px;height:auto;word-break: break-word;&#39;&gt;&lt;div align=&quot;center&quot;&gt;&lt;span style=&quot;font-family: Arial; font-size: 20px; text-decoration: none; line-height: 0;&quot;&gt;&lt;span style=&quot;text-decoration: none; line-height: 22.75px;&quot;&gt;New Order&lt;/span&gt;&lt;/span&gt;&lt;/div&gt;&lt;/div&gt;" style="shape=process;shadow=0;strokeWidth=2;fillColor=#FFFFFF;strokeColor=#333333;opacity=100.0;size=0.1;html=1;nl2Br=0;verticalAlign=middle;align=center;spacingLeft=8.0;spacingRight=6;whiteSpace=wrap;gliffyId=19;" parent="2" vertex="1">
          <mxGeometry x="342.5" y="327.5" width="100" height="75" as="geometry" />
        </mxCell>
        <mxCell id="10" style="shape=filledEdge;strokeWidth=2;strokeColor=#ff0000;fillColor=none;startArrow=none;startFill=0;startSize=6;endArrow=open;endFill=0;endSize=6;rounded=1;gliffyId=27;edgeStyle=orthogonalEdgeStyle;" parent="2" target="9" edge="1">
          <mxGeometry width="91" height="96" relative="1" as="geometry">
            <mxPoint x="435" y="192.5" as="sourcePoint" />
            <Array as="points">
              <mxPoint x="392.5" y="192.5" />
              <mxPoint x="392.5" y="327.5" />
            </Array>
          </mxGeometry>
        </mxCell>
        <mxCell id="11" value="&lt;div style=&#39;width: 93.0px;height:auto;word-break: break-word;&#39;&gt;&lt;div align=&quot;center&quot;&gt;&lt;span style=&quot;font-family: Arial; font-size: 14px; text-decoration: none; line-height: 0;&quot;&gt;&lt;span style=&quot;text-decoration: none; line-height: 16.5px;&quot;&gt;Abandoned Cart&lt;/span&gt;&lt;/span&gt;&lt;/div&gt;&lt;/div&gt;" style="shape=process;shadow=0;strokeWidth=2;fillColor=#FFFFFF;strokeColor=#333333;opacity=100.0;size=0.1;html=1;nl2Br=0;verticalAlign=middle;align=center;spacingLeft=8.0;spacingRight=6;whiteSpace=wrap;gliffyId=31;" parent="2" vertex="1">
          <mxGeometry x="462.5" y="327.5" width="100" height="75" as="geometry" />
        </mxCell>
        <mxCell id="12" style="shape=filledEdge;strokeWidth=2;strokeColor=#ff0000;fillColor=none;startArrow=none;startFill=0;startSize=6;endArrow=open;endFill=0;endSize=6;rounded=1;gliffyId=33;edgeStyle=orthogonalEdgeStyle;" parent="2" target="5" edge="1">
          <mxGeometry width="34" height="133" relative="1" as="geometry">
            <mxPoint x="555" y="192.5" as="sourcePoint" />
            <Array as="points">
              <mxPoint x="1160" y="192.5" />
              <mxPoint x="1160" y="582.5" />
              <mxPoint x="1120" y="582.5" />
            </Array>
          </mxGeometry>
        </mxCell>
        <mxCell id="13" value="&lt;div style=&#39;width: 93.0px;height:auto;word-break: break-word;&#39;&gt;&lt;div align=&quot;center&quot;&gt;&lt;span style=&quot;font-family: Arial; font-size: 14px; text-decoration: none; line-height: 0;&quot;&gt;&lt;span style=&quot;text-decoration: none; line-height: 16.5px;&quot;&gt;Create Invoice&lt;/span&gt;&lt;/span&gt;&lt;/div&gt;&lt;/div&gt;" style="shape=process;shadow=0;strokeWidth=2;fillColor=#FFFFFF;strokeColor=#333333;opacity=100.0;size=0.1;html=1;nl2Br=0;verticalAlign=middle;align=center;spacingLeft=8.0;spacingRight=6;whiteSpace=wrap;gliffyId=35;" parent="2" vertex="1">
          <mxGeometry x="582.5" y="327.5" width="100" height="75" as="geometry" />
        </mxCell>
        <mxCell id="14" value="&lt;div style=&#39;width: 102.6px;height:auto;word-break: break-word;&#39;&gt;&lt;div align=&quot;center&quot;&gt;&lt;span style=&quot;font-family: Arial; font-size: 16px; text-decoration: none; line-height: 0;&quot;&gt;&lt;span style=&quot;text-decoration: none; line-height: 18.5px;&quot; class=&quot;&quot;&gt;Quickbooks&lt;/span&gt;&lt;/span&gt;&lt;/div&gt;&lt;/div&gt;" style="shape=rect;rounded=1;arcSize=15;absoluteArcSize=1;shadow=0;strokeWidth=2;fillColor=#c9daf8;strokeColor=#333333;opacity=100.0;html=1;nl2Br=0;verticalAlign=middle;align=center;spacingLeft=8.2;spacingRight=6;whiteSpace=wrap;gliffyId=37;" parent="2" vertex="1">
          <mxGeometry x="712.5" y="457.5" width="110" height="75" as="geometry" />
        </mxCell>
        <mxCell id="15" style="shape=filledEdge;strokeWidth=2;strokeColor=#ff0000;fillColor=none;startArrow=none;startFill=0;startSize=6;endArrow=open;endFill=0;endSize=6;rounded=1;gliffyId=39;edgeStyle=orthogonalEdgeStyle;" parent="2" target="13" edge="1">
          <mxGeometry width="1" height="134" relative="1" as="geometry">
            <mxPoint x="495" y="227.5" as="sourcePoint" />
            <Array as="points">
              <mxPoint x="495" y="277.5" />
              <mxPoint x="632.5" y="277.5" />
              <mxPoint x="632.5" y="327.5" />
            </Array>
          </mxGeometry>
        </mxCell>
        <mxCell id="16" style="shape=filledEdge;strokeWidth=2;strokeColor=#ff0000;fillColor=none;startArrow=none;startFill=0;startSize=6;endArrow=open;endFill=0;endSize=6;rounded=1;gliffyId=40;edgeStyle=orthogonalEdgeStyle;" parent="2" source="13" target="14" edge="1">
          <mxGeometry width="129" height="193" relative="1" as="geometry">
            <Array as="points">
              <mxPoint x="682.5" y="365" />
              <mxPoint x="697.5" y="365" />
              <mxPoint x="697.5" y="495" />
              <mxPoint x="712.5" y="495" />
            </Array>
          </mxGeometry>
        </mxCell>
        <mxCell id="17" value="&lt;div style=&#39;width: 112.2px;height:auto;word-break: break-word;&#39;&gt;&lt;div align=&quot;center&quot;&gt;&lt;span style=&quot;font-family: Arial; font-size: 18px; text-decoration: none; line-height: 0;&quot;&gt;&lt;span style=&quot;text-decoration: none; line-height: 20.5px;&quot; class=&quot;&quot;&gt;Calendly&lt;/span&gt;&lt;/span&gt;&lt;/div&gt;&lt;/div&gt;" style="shape=mxgraph.flowchart.terminator;shadow=0;strokeWidth=2;fillColor=#fff2cc;strokeColor=#333333;gradientColor=#FFFFFF;gradientDirection=north;opacity=100.0;html=1;nl2Br=0;verticalAlign=middle;align=center;spacingLeft=8.4;spacingRight=6;whiteSpace=wrap;gliffyId=41;" parent="2" vertex="1">
          <mxGeometry x="632.5" y="204" width="120" height="50" as="geometry" />
        </mxCell>
        <mxCell id="18" value="&lt;div style=&#39;width: 93.0px;height:auto;word-break: break-word;&#39;&gt;&lt;div align=&quot;center&quot;&gt;&lt;span style=&quot;font-family: Arial; font-size: 14px; text-decoration: none; line-height: 0;&quot;&gt;&lt;span style=&quot;text-decoration: none; line-height: 16.5px;&quot;&gt;Update User in Intercom&lt;/span&gt;&lt;/span&gt;&lt;/div&gt;&lt;/div&gt;" style="shape=process;shadow=0;strokeWidth=2;fillColor=#FFFFFF;strokeColor=#333333;opacity=100.0;size=0.1;html=1;nl2Br=0;verticalAlign=middle;align=center;spacingLeft=8.0;spacingRight=6;whiteSpace=wrap;gliffyId=44;" parent="2" vertex="1">
          <mxGeometry x="767.5" y="327.5" width="100" height="75" as="geometry" />
        </mxCell>
        <mxCell id="19" value="&lt;div style=&#39;width: 112.2px;height:auto;word-break: break-word;&#39;&gt;&lt;div align=&quot;center&quot;&gt;&lt;span style=&quot;font-family: Arial; font-size: 18px; text-decoration: none; line-height: 0;&quot;&gt;&lt;span style=&quot;text-decoration: none; line-height: 20.5px;&quot;&gt;Intercom&lt;/span&gt;&lt;/span&gt;&lt;/div&gt;&lt;/div&gt;" style="shape=mxgraph.flowchart.terminator;shadow=0;strokeWidth=2;fillColor=#a2c4c9;strokeColor=#333333;gradientColor=#FFFFFF;gradientDirection=north;opacity=100.0;html=1;nl2Br=0;verticalAlign=middle;align=center;spacingLeft=8.4;spacingRight=6;whiteSpace=wrap;gliffyId=46;" parent="2" vertex="1">
          <mxGeometry x="840" y="167.5" width="120" height="50" as="geometry" />
        </mxCell>
        <mxCell id="20" style="shape=filledEdge;strokeWidth=2;strokeColor=#ff0000;fillColor=none;startArrow=none;startFill=0;startSize=6;endArrow=open;endFill=0;endSize=6;rounded=1;gliffyId=48;edgeStyle=orthogonalEdgeStyle;" parent="2" source="17" target="7" edge="1">
          <mxGeometry width="2" height="53" relative="1" as="geometry">
            <Array as="points">
              <mxPoint x="692.5" y="254" />
              <mxPoint x="692.5" y="274.5" />
              <mxPoint x="812" y="274.5" />
              <mxPoint x="812" y="295" />
            </Array>
          </mxGeometry>
        </mxCell>
        <mxCell id="21" style="shape=filledEdge;strokeWidth=2;strokeColor=#ff0000;fillColor=none;startArrow=open;startFill=0;startSize=6;endArrow=open;endFill=0;endSize=6;rounded=1;gliffyId=50;edgeStyle=orthogonalEdgeStyle;" parent="2" source="18" target="19" edge="1">
          <mxGeometry width="80" height="1" relative="1" as="geometry">
            <Array as="points">
              <mxPoint x="867.5" y="365" />
              <mxPoint x="900" y="365" />
              <mxPoint x="900" y="217.5" />
            </Array>
          </mxGeometry>
        </mxCell>
        <mxCell id="22" value="&lt;div style=&#39;width: 112.2px;height:auto;word-break: break-word;&#39;&gt;&lt;div align=&quot;center&quot;&gt;&lt;span style=&quot;font-family: Arial; font-size: 18px; text-decoration: none; line-height: 0;&quot;&gt;&lt;span style=&quot;text-decoration: none; line-height: 20.5px;&quot;&gt;Google Sheets&lt;/span&gt;&lt;/span&gt;&lt;/div&gt;&lt;/div&gt;" style="shape=mxgraph.flowchart.terminator;shadow=0;strokeWidth=2;fillColor=#f4cccc;strokeColor=#333333;gradientColor=#FFFFFF;gradientDirection=north;opacity=100.0;html=1;nl2Br=0;verticalAlign=middle;align=center;spacingLeft=8.4;spacingRight=6;whiteSpace=wrap;gliffyId=53;" parent="2" vertex="1">
          <mxGeometry x="82" y="341" width="120" height="50" as="geometry" />
        </mxCell>
        <mxCell id="23" style="shape=filledEdge;strokeWidth=2;strokeColor=#ff0000;fillColor=none;startArrow=none;startFill=0;startSize=6;endArrow=open;endFill=0;endSize=6;rounded=1;gliffyId=55;edgeStyle=orthogonalEdgeStyle;" parent="2" source="9" target="22" edge="1">
          <mxGeometry width="90" height="2" relative="1" as="geometry">
            <Array as="points">
              <mxPoint x="342.5" y="365" />
              <mxPoint x="295.66546630859375" y="365" />
              <mxPoint x="248.83096313476562" y="365" />
              <mxPoint x="201.99644470214844" y="365" />
            </Array>
          </mxGeometry>
        </mxCell>
        <mxCell id="24" value="&lt;div style=&quot;width: 342.0px;height:auto;word-break: break-word;&quot;&gt;&lt;div align=&quot;center&quot;&gt;&lt;span style=&quot;font-family: Arial; font-size: 36px; font-weight: bold; line-height: 0;&quot;&gt;&lt;span style=&quot;line-height: 41px;&quot;&gt;Current State&lt;/span&gt;&lt;/span&gt;&lt;/div&gt;&lt;/div&gt;" style="text;html=1;nl2Br=0;html=1;nl2Br=0;verticalAlign=middle;align=center;spacingLeft=0.0;spacingRight=0;whiteSpace=wrap;gliffyId=67;" parent="2" vertex="1">
          <mxGeometry x="460" y="41" width="345" height="82" as="geometry" />
        </mxCell>
        <mxCell id="25" value="&lt;div style=&#39;width: 112.2px;height:auto;word-break: break-word;&#39;&gt;&lt;div align=&quot;center&quot;&gt;&lt;span style=&quot;font-family: Arial; font-size: 16px; text-decoration: none; line-height: 0;&quot;&gt;&lt;span style=&quot;text-decoration: none; line-height: 18.5px;&quot;&gt;Manual Entry by Sales Rep&lt;/span&gt;&lt;/span&gt;&lt;/div&gt;&lt;/div&gt;" style="shape=mxgraph.flowchart.terminator;shadow=0;strokeWidth=2;fillColor=#9fc5e8;strokeColor=#333333;gradientColor=#FFFFFF;gradientDirection=north;opacity=100.0;html=1;nl2Br=0;verticalAlign=middle;align=center;spacingLeft=8.4;spacingRight=6;whiteSpace=wrap;gliffyId=70;" parent="2" vertex="1">
          <mxGeometry x="272.5" y="167.5" width="120" height="50" as="geometry" />
        </mxCell>
        <mxCell id="26" style="shape=filledEdge;strokeWidth=2;strokeColor=#ff0000;fillColor=none;startArrow=none;startFill=0;startSize=6;endArrow=open;endFill=0;endSize=6;rounded=1;gliffyId=72;edgeStyle=orthogonalEdgeStyle;" parent="2" source="25" target="4" edge="1">
          <mxGeometry width="265" height="386" relative="1" as="geometry">
            <Array as="points">
              <mxPoint x="332.5" y="217.5" />
              <mxPoint x="332.5" y="603.210693359375" />
              <mxPoint x="502.5" y="603.210693359375" />
            </Array>
          </mxGeometry>
        </mxCell>
        <mxCell id="27" value="&lt;div style=&#39;width: 1123.0px;height:auto;word-break: break-word;&#39;&gt;&lt;div align=&quot;center&quot;&gt;&lt;span style=&quot;font-family: Arial; font-size: 20px; text-decoration: none; font-weight: bold; line-height: 0;&quot;&gt;&lt;span style=&quot;text-decoration: none; line-height: 22.75px;&quot;&gt;DATA SOURCES&lt;/span&gt;&lt;/span&gt;&lt;/div&gt;&lt;/div&gt;" style="shape=rect;rounded=1;arcSize=15;absoluteArcSize=1;shadow=0;strokeWidth=2;fillColor=#d9d9d9;strokeColor=#000000;gradientColor=#FFFFFF;gradientDirection=north;opacity=100.0;html=1;nl2Br=0;verticalAlign=middle;align=center;spacingLeft=8.0;spacingRight=6;whiteSpace=wrap;gliffyId=74;" parent="2" vertex="1">
          <mxGeometry x="142" y="670" width="1130" height="100" as="geometry" />
        </mxCell>
        <mxCell id="28" value="&lt;div style=&#39;width: 112.2px;height:auto;word-break: break-word;&#39;&gt;&lt;div align=&quot;center&quot;&gt;&lt;span style=&quot;font-family: Arial; font-size: 16px; text-decoration: none; font-weight: bold; line-height: 0;&quot;&gt;&lt;span style=&quot;text-decoration: none; line-height: 18.5px;&quot;&gt;ClearBit&lt;/span&gt;&lt;/span&gt;&lt;/div&gt;&lt;/div&gt;" style="shape=mxgraph.flowchart.terminator;shadow=0;strokeWidth=2;fillColor=#9fc5e8;strokeColor=#333333;gradientColor=#FFFFFF;gradientDirection=north;opacity=100.0;html=1;nl2Br=0;verticalAlign=middle;align=center;spacingLeft=8.4;spacingRight=6;whiteSpace=wrap;gliffyId=76;" parent="2" vertex="1">
          <mxGeometry x="415" y="695" width="120" height="50" as="geometry" />
        </mxCell>
        <mxCell id="29" style="shape=filledEdge;strokeWidth=2;strokeColor=#ff0000;fillColor=none;startArrow=open;startFill=0;startSize=6;endArrow=open;endFill=0;endSize=6;rounded=1;gliffyId=78;edgeStyle=orthogonalEdgeStyle;" parent="2" source="28" target="4" edge="1">
          <mxGeometry width="48" height="85" relative="1" as="geometry">
            <Array as="points">
              <mxPoint x="535" y="720" />
              <mxPoint x="582.5" y="720" />
              <mxPoint x="582.5" y="632.5" />
            </Array>
          </mxGeometry>
        </mxCell>
        <mxCell id="30" value="&lt;div style=&#39;width: 1577.3859px;height:auto;word-break: break-word;&#39;&gt;&lt;div align=&quot;center&quot;&gt;&lt;span style=&quot;font-family: Arial; font-size: 20px; text-decoration: none; font-weight: bold; line-height: 0;&quot;&gt;&lt;span style=&quot;text-decoration: none; line-height: 22.75px;&quot; class=&quot;&quot;&gt;LEAD SOURCES&lt;/span&gt;&lt;/span&gt;&lt;/div&gt;&lt;/div&gt;" style="shape=rect;rounded=1;arcSize=15;absoluteArcSize=1;shadow=0;strokeWidth=2;fillColor=#d9d9d9;strokeColor=#000000;gradientColor=#FFFFFF;gradientDirection=north;opacity=100.0;html=1;nl2Br=0;verticalAlign=middle;align=center;spacingLeft=8.807079;spacingRight=6;whiteSpace=wrap;gliffyId=124;" parent="2" vertex="1">
          <mxGeometry x="70" y="916.5" width="1586" height="125" as="geometry" />
        </mxCell>
        <mxCell id="31" value="&lt;div style=&#39;width: 153.0px;height:auto;word-break: break-word;&#39;&gt;&lt;div align=&quot;center&quot;&gt;&lt;span style=&quot;font-family: Arial; font-size: 48px; text-decoration: none; line-height: 0;&quot;&gt;&lt;span style=&quot;text-decoration: none; line-height: 53px;&quot; class=&quot;&quot;&gt;SFDC&lt;/span&gt;&lt;/span&gt;&lt;/div&gt;&lt;/div&gt;" style="shape=cylinder3;boundedLbl=1;backgroundOutline=1;size=9;;shadow=0;strokeWidth=2;fillColor=#f1c232;strokeColor=#333333;gradientColor=#FFFFDC;gradientDirection=north;opacity=100.0;html=1;nl2Br=0;verticalAlign=middle;align=center;spacingLeft=8.0;spacingRight=6;whiteSpace=wrap;gliffyId=122;" parent="2" vertex="1">
          <mxGeometry x="513.5" y="1331.5" width="160" height="100" as="geometry" />
        </mxCell>
        <mxCell id="32" value="&lt;div style=&#39;width: 112.2px;height:auto;word-break: break-word;&#39;&gt;&lt;div align=&quot;center&quot;&gt;&lt;span style=&quot;font-family: Arial; font-size: 18px; text-decoration: none; font-weight: bold; line-height: 0;&quot;&gt;&lt;span style=&quot;text-decoration: none; line-height: 20.5px;&quot;&gt;Calendly&lt;/span&gt;&lt;/span&gt;&lt;/div&gt;&lt;/div&gt;" style="shape=mxgraph.flowchart.terminator;shadow=0;strokeWidth=2;fillColor=#fff2cc;strokeColor=#333333;gradientColor=#FFFFFF;gradientDirection=north;opacity=100.0;html=1;nl2Br=0;verticalAlign=middle;align=center;spacingLeft=8.4;spacingRight=6;whiteSpace=wrap;gliffyId=99;" parent="2" vertex="1">
          <mxGeometry x="315" y="981.5" width="120" height="50" as="geometry" />
        </mxCell>
        <mxCell id="33" value="&lt;div style=&#39;width: 342.0px;height:auto;word-break: break-word;&#39;&gt;&lt;div align=&quot;center&quot;&gt;&lt;span style=&quot;font-family: Arial; font-size: 36px; font-weight: bold; line-height: 0;&quot;&gt;&lt;span style=&quot;line-height: 41px;&quot;&gt;Future State&lt;/span&gt;&lt;/span&gt;&lt;/div&gt;&lt;/div&gt;" style="text;html=1;nl2Br=0;html=1;nl2Br=0;verticalAlign=middle;align=center;spacingLeft=0.0;spacingRight=0;whiteSpace=wrap;gliffyId=89;" parent="2" vertex="1">
          <mxGeometry x="471" y="860.5" width="345" height="41" as="geometry" />
        </mxCell>
        <mxCell id="34" value="&lt;div style=&#39;width: 140.04px;height:auto;word-break: break-word;&#39;&gt;&lt;div align=&quot;center&quot;&gt;&lt;span style=&quot;font-family: Arial; font-size: 16px; text-decoration: none; font-weight: bold; line-height: 0;&quot;&gt;&lt;span style=&quot;text-decoration: none; line-height: 18.5px;&quot;&gt;Manual Entry by Sales Rep&lt;/span&gt;&lt;/span&gt;&lt;/div&gt;&lt;/div&gt;" style="shape=mxgraph.flowchart.terminator;shadow=0;strokeWidth=2;fillColor=#9fc5e8;strokeColor=#333333;gradientColor=#FFFFFF;gradientDirection=north;opacity=100.0;html=1;nl2Br=0;verticalAlign=middle;align=center;spacingLeft=8.98;spacingRight=6;whiteSpace=wrap;gliffyId=87;" parent="2" vertex="1">
          <mxGeometry x="142" y="981.5" width="149" height="50" as="geometry" />
        </mxCell>
        <mxCell id="35" style="shape=filledEdge;strokeWidth=2;strokeColor=#ff0000;fillColor=none;startArrow=none;startFill=0;startSize=6;endArrow=open;endFill=0;endSize=6;rounded=1;gliffyId=86;edgeStyle=orthogonalEdgeStyle;" parent="2" source="34" target="31" edge="1">
          <mxGeometry width="265" height="386" relative="1" as="geometry">
            <Array as="points">
              <mxPoint x="216.5" y="1031.5" />
              <mxPoint x="216.5" y="1402.210693359375" />
              <mxPoint x="513.5" y="1402.210693359375" />
            </Array>
          </mxGeometry>
        </mxCell>
        <mxCell id="36" value="&lt;div style=&#39;width: 1123.0px;height:auto;word-break: break-word;&#39;&gt;&lt;div align=&quot;center&quot;&gt;&lt;span style=&quot;font-family: Arial; font-size: 20px; text-decoration: none; font-weight: bold; line-height: 0;&quot;&gt;&lt;span style=&quot;text-decoration: none; line-height: 22.75px;&quot;&gt;DATA SOURCES&lt;/span&gt;&lt;/span&gt;&lt;/div&gt;&lt;/div&gt;" style="shape=rect;rounded=1;arcSize=15;absoluteArcSize=1;shadow=0;strokeWidth=2;fillColor=#d9d9d9;strokeColor=#000000;gradientColor=#FFFFFF;gradientDirection=north;opacity=100.0;html=1;nl2Br=0;verticalAlign=middle;align=center;spacingLeft=8.0;spacingRight=6;whiteSpace=wrap;gliffyId=84;" parent="2" vertex="1">
          <mxGeometry x="200" y="1600" width="1130" height="100" as="geometry" />
        </mxCell>
        <mxCell id="37" value="&lt;div style=&#39;width: 112.2px;height:auto;word-break: break-word;&#39;&gt;&lt;div align=&quot;center&quot;&gt;&lt;span style=&quot;font-family: Arial; font-size: 16px; text-decoration: none; font-weight: bold; line-height: 0;&quot;&gt;&lt;span style=&quot;text-decoration: none; line-height: 18.5px;&quot;&gt;ClearBit&lt;/span&gt;&lt;/span&gt;&lt;/div&gt;&lt;/div&gt;" style="shape=mxgraph.flowchart.terminator;shadow=0;strokeWidth=2;fillColor=#9fc5e8;strokeColor=#333333;gradientColor=#FFFFFF;gradientDirection=north;opacity=100.0;html=1;nl2Br=0;verticalAlign=middle;align=center;spacingLeft=8.4;spacingRight=6;whiteSpace=wrap;gliffyId=82;" parent="2" vertex="1">
          <mxGeometry x="882" y="1650" width="120" height="50" as="geometry" />
        </mxCell>
        <mxCell id="38" style="shape=filledEdge;strokeWidth=2;strokeColor=#ff0000;fillColor=none;startArrow=open;startFill=0;startSize=6;endArrow=open;endFill=0;endSize=6;rounded=1;gliffyId=81;edgeStyle=orthogonalEdgeStyle;" parent="2" source="37" target="31" edge="1">
          <mxGeometry width="48" height="85" relative="1" as="geometry">
            <Array as="points">
              <mxPoint x="882" y="1675" />
              <mxPoint x="593.5" y="1675" />
              <mxPoint x="593.5" y="1431.5" />
            </Array>
          </mxGeometry>
        </mxCell>
        <mxCell id="39" value="&lt;div style=&#39;width: 191.469px;height:auto;word-break: break-word;&#39;&gt;&lt;div align=&quot;center&quot;&gt;&lt;span style=&quot;font-family: Helvetica; font-size: 16px; font-weight: bold; text-decoration: none; line-height: 16px;&quot;&gt;HubSpot Native Forms&lt;/span&gt;&lt;/div&gt;&lt;/div&gt;" style="shape=swimlane;collapsible=0;container=0;dropTarget=0;shadow=0;strokeWidth=2;fillColor=#FFFFFF;strokeColor=#BBBBBB;opacity=100.0;html=1;nl2Br=0;verticalAlign=top;align=center;spacingLeft=2.0;spacingRight=2;spacingTop=3.0;spacingBottom=10;gliffyId=131;;startSize=36;swimlaneFillColor=#FFFFFF;" parent="2" vertex="1">
          <mxGeometry x="1000" y="134" width="184" height="123" as="geometry" />
        </mxCell>
        <mxCell id="40" style="strokeWidth=1;shape=mxgraph.mockup.graphics.simpleIcon;strokeColor=#999999;" parent="39" vertex="1">
          <mxGeometry x="164" y="13" width="10" height="10" as="geometry" />
        </mxCell>
        <mxCell id="41" value="&lt;div style=&#39;width: 139.0px;height:auto;word-break: break-word;&#39;&gt;&lt;div align=&quot;left&quot;&gt;&lt;span style=&quot;font-family: Arial; font-size: 16px; line-height: 0;&quot;&gt;&lt;span style=&quot;line-height: 18.5px;&quot;&gt;Name&lt;/span&gt;&lt;/span&gt;&lt;/div&gt;&lt;div align=&quot;left&quot;&gt;&lt;span style=&quot;font-family: Arial; font-size: 16px; line-height: 0;&quot;&gt;&lt;span style=&quot;line-height: 18.5px;&quot;&gt;Company&lt;/span&gt;&lt;/span&gt;&lt;/div&gt;&lt;div align=&quot;left&quot;&gt;&lt;span style=&quot;font-family: Arial; font-size: 16px; line-height: 0;&quot;&gt;&lt;span style=&quot;line-height: 18.5px;&quot;&gt;Email Address&lt;/span&gt;&lt;/span&gt;&lt;/div&gt;&lt;/div&gt;" style="text;html=1;nl2Br=0;html=1;nl2Br=0;verticalAlign=middle;align=left;spacingLeft=0.0;spacingRight=0;whiteSpace=wrap;gliffyId=135;" parent="2" vertex="1">
          <mxGeometry x="1018" y="180.5" width="142" height="54" as="geometry" />
        </mxCell>
        <mxCell id="42" style="shape=filledEdge;strokeWidth=2;strokeColor=#ff0000;fillColor=none;startArrow=open;startFill=0;startSize=6;endArrow=none;endFill=0;endSize=6;rounded=1;gliffyId=137;edgeStyle=orthogonalEdgeStyle;" parent="2" source="5" edge="1">
          <mxGeometry width="46.66666793823242" height="273.3333435058594" relative="1" as="geometry">
            <mxPoint x="1086.6666259765625" y="257.3333435058594" as="targetPoint" />
            <Array as="points">
              <mxPoint x="1040" y="532.5" />
              <mxPoint x="1040" y="394.91668701171875" />
              <mxPoint x="1086.6666259765625" y="394.91668701171875" />
            </Array>
          </mxGeometry>
        </mxCell>
        <mxCell id="43" value="&lt;div style=&#39;width: 186.172px;height:auto;word-break: break-word;&#39;&gt;&lt;div align=&quot;center&quot;&gt;&lt;span style=&quot;font-family: Helvetica; font-size: 16px; font-weight: bold; text-decoration: none; line-height: 16px;&quot;&gt;Marketo Native Forms&lt;/span&gt;&lt;/div&gt;&lt;/div&gt;" style="shape=swimlane;collapsible=0;container=0;dropTarget=0;shadow=0;strokeWidth=2;fillColor=#FFFFFF;strokeColor=#BBBBBB;opacity=100.0;html=1;nl2Br=0;verticalAlign=top;align=center;spacingLeft=2.0;spacingRight=2;spacingTop=3.0;spacingBottom=10;gliffyId=141;;startSize=36;swimlaneFillColor=#FFFFFF;" parent="2" vertex="1">
          <mxGeometry x="1051" y="955" width="180" height="123" as="geometry" />
        </mxCell>
        <mxCell id="44" style="strokeWidth=1;shape=mxgraph.mockup.graphics.simpleIcon;strokeColor=#999999;" parent="43" vertex="1">
          <mxGeometry x="160" y="13" width="10" height="10" as="geometry" />
        </mxCell>
        <mxCell id="45" value="&lt;div style=&#39;width: 139.0px;height:auto;word-break: break-word;&#39;&gt;&lt;div align=&quot;left&quot;&gt;&lt;span style=&quot;font-family: Arial; font-size: 16px; line-height: 0;&quot;&gt;&lt;span style=&quot;line-height: 18.5px;&quot;&gt;Name&lt;/span&gt;&lt;/span&gt;&lt;/div&gt;&lt;div align=&quot;left&quot;&gt;&lt;span style=&quot;font-family: Arial; font-size: 16px; line-height: 0;&quot;&gt;&lt;span style=&quot;line-height: 18.5px;&quot;&gt;Company&lt;/span&gt;&lt;/span&gt;&lt;/div&gt;&lt;div align=&quot;left&quot;&gt;&lt;span style=&quot;font-family: Arial; font-size: 16px; line-height: 0;&quot;&gt;&lt;span style=&quot;line-height: 18.5px;&quot;&gt;Email Address&lt;/span&gt;&lt;/span&gt;&lt;/div&gt;&lt;div align=&quot;left&quot;&gt;&lt;span style=&quot;font-family: Arial; font-size: 16px; line-height: 0;&quot;&gt;&lt;span style=&quot;line-height: 18.5px;&quot;&gt;Country&lt;/span&gt;&lt;/span&gt;&lt;/div&gt;&lt;/div&gt;" style="text;html=1;nl2Br=0;html=1;nl2Br=0;verticalAlign=middle;align=left;spacingLeft=0.0;spacingRight=0;whiteSpace=wrap;gliffyId=140;" parent="2" vertex="1">
          <mxGeometry x="1069" y="992.5" width="142" height="72" as="geometry" />
        </mxCell>
        <mxCell id="46" value="&lt;div style=&#39;width: 199.469px;height:auto;word-break: break-word;&#39;&gt;&lt;div align=&quot;center&quot;&gt;&lt;span style=&quot;font-size: 14px; line-height: 0;&quot;&gt;&lt;span style=&quot;font-family: Helvetica; font-weight: bold; text-decoration: none; line-height: 14px;&quot;&gt;HubSpot Embedded&amp;nbsp;&lt;/span&gt;&lt;span style=&quot;font-family: Helvetica; font-weight: bold; line-height: 14px;&quot;&gt;Forms&lt;/span&gt;&lt;/span&gt;&lt;/div&gt;&lt;/div&gt;" style="shape=swimlane;collapsible=0;container=0;dropTarget=0;shadow=0;strokeWidth=2;fillColor=#FFFFFF;strokeColor=#BBBBBB;opacity=100.0;html=1;nl2Br=0;verticalAlign=top;align=center;spacingLeft=2.0;spacingRight=2;spacingTop=3.0;spacingBottom=10;gliffyId=149;;startSize=34;swimlaneFillColor=#FFFFFF;" parent="2" vertex="1">
          <mxGeometry x="1211" y="131" width="184" height="123" as="geometry" />
        </mxCell>
        <mxCell id="47" style="strokeWidth=1;shape=mxgraph.mockup.graphics.simpleIcon;strokeColor=#999999;" parent="46" vertex="1">
          <mxGeometry x="164" y="12" width="10" height="10" as="geometry" />
        </mxCell>
        <mxCell id="48" value="&lt;div style=&#39;width: 139.0px;height:auto;word-break: break-word;&#39;&gt;&lt;div align=&quot;left&quot;&gt;&lt;span style=&quot;font-family: Arial; font-size: 16px; line-height: 0;&quot;&gt;&lt;span style=&quot;line-height: 18.5px;&quot;&gt;Name&lt;/span&gt;&lt;/span&gt;&lt;/div&gt;&lt;div align=&quot;left&quot;&gt;&lt;span style=&quot;font-family: Arial; font-size: 16px; line-height: 0;&quot;&gt;&lt;span style=&quot;line-height: 18.5px;&quot;&gt;Company&lt;/span&gt;&lt;/span&gt;&lt;/div&gt;&lt;div align=&quot;left&quot;&gt;&lt;span style=&quot;font-family: Arial; font-size: 16px; line-height: 0;&quot;&gt;&lt;span style=&quot;line-height: 18.5px;&quot;&gt;Email Address&lt;/span&gt;&lt;/span&gt;&lt;/div&gt;&lt;/div&gt;" style="text;html=1;nl2Br=0;html=1;nl2Br=0;verticalAlign=middle;align=left;spacingLeft=0.0;spacingRight=0;whiteSpace=wrap;gliffyId=148;" parent="2" vertex="1">
          <mxGeometry x="1229" y="177.5" width="142" height="54" as="geometry" />
        </mxCell>
        <mxCell id="49" value="&lt;div style=&#39;width: 194.828px;height:auto;word-break: break-word;&#39;&gt;&lt;div align=&quot;center&quot;&gt;&lt;span style=&quot;font-family: Helvetica; font-size: 14px; font-weight: bold; text-decoration: none; line-height: 14px;&quot;&gt;Marketo Embedded Forms&lt;/span&gt;&lt;/div&gt;&lt;/div&gt;" style="shape=swimlane;collapsible=0;container=0;dropTarget=0;shadow=0;strokeWidth=2;fillColor=#FFFFFF;strokeColor=#BBBBBB;opacity=100.0;html=1;nl2Br=0;verticalAlign=top;align=center;spacingLeft=2.0;spacingRight=2;spacingTop=3.0;spacingBottom=10;gliffyId=157;;startSize=34;swimlaneFillColor=#FFFFFF;" parent="2" vertex="1">
          <mxGeometry x="1250" y="955" width="180" height="123" as="geometry" />
        </mxCell>
        <mxCell id="50" style="strokeWidth=1;shape=mxgraph.mockup.graphics.simpleIcon;strokeColor=#999999;" parent="49" vertex="1">
          <mxGeometry x="160" y="12" width="10" height="10" as="geometry" />
        </mxCell>
        <mxCell id="51" value="&lt;div style=&#39;width: 139.0px;height:auto;word-break: break-word;&#39;&gt;&lt;div align=&quot;left&quot;&gt;&lt;span style=&quot;font-family: Arial; font-size: 16px; line-height: 0;&quot;&gt;&lt;span style=&quot;line-height: 18.5px;&quot;&gt;Name&lt;/span&gt;&lt;/span&gt;&lt;/div&gt;&lt;div align=&quot;left&quot;&gt;&lt;span style=&quot;font-family: Arial; font-size: 16px; line-height: 0;&quot;&gt;&lt;span style=&quot;line-height: 18.5px;&quot;&gt;Company&lt;/span&gt;&lt;/span&gt;&lt;/div&gt;&lt;div align=&quot;left&quot;&gt;&lt;span style=&quot;font-family: Arial; font-size: 16px; line-height: 0;&quot;&gt;&lt;span style=&quot;line-height: 18.5px;&quot;&gt;Email Address&lt;/span&gt;&lt;/span&gt;&lt;/div&gt;&lt;div align=&quot;left&quot;&gt;&lt;span style=&quot;font-family: Arial; font-size: 16px; line-height: 0;&quot;&gt;&lt;span style=&quot;line-height: 18.5px;&quot;&gt;Country&lt;/span&gt;&lt;/span&gt;&lt;/div&gt;&lt;/div&gt;" style="text;html=1;nl2Br=0;html=1;nl2Br=0;verticalAlign=middle;align=left;spacingLeft=0.0;spacingRight=0;whiteSpace=wrap;gliffyId=156;" parent="2" vertex="1">
          <mxGeometry x="1268" y="992.5" width="142" height="72" as="geometry" />
        </mxCell>
        <mxCell id="52" value="&lt;div style=&#39;width: 178.76px;height:auto;word-break: break-word;&#39;&gt;&lt;div align=&quot;center&quot;&gt;&lt;span style=&quot;font-family: Arial; font-size: 36px; text-decoration: none; color: #ffffff; line-height: 0;&quot;&gt;&lt;span style=&quot;text-decoration: none; line-height: 41px;&quot;&gt;NetSuite&lt;/span&gt;&lt;/span&gt;&lt;/div&gt;&lt;/div&gt;" style="shape=cylinder3;boundedLbl=1;backgroundOutline=1;size=9;;shadow=0;strokeWidth=2;fillColor=#38761d;strokeColor=#333333;gradientColor=#E2FFC7;gradientDirection=north;opacity=100.0;html=1;nl2Br=0;verticalAlign=middle;align=center;spacingLeft=11.12;spacingRight=6;whiteSpace=wrap;gliffyId=168;" parent="2" vertex="1">
          <mxGeometry x="690" y="1150" width="192" height="111" as="geometry" />
        </mxCell>
        <mxCell id="53" style="shape=filledEdge;strokeWidth=2;strokeColor=#ff0000;fillColor=none;startArrow=open;startFill=0;startSize=6;endArrow=open;endFill=0;endSize=6;rounded=1;gliffyId=170;edgeStyle=orthogonalEdgeStyle;" parent="2" source="60" target="52" edge="1">
          <mxGeometry width="236" height="184" relative="1" as="geometry">
            <Array as="points">
              <mxPoint x="690" y="1091.5" />
              <mxPoint x="690" y="1120.75" />
              <mxPoint x="786" y="1120.75" />
              <mxPoint x="786" y="1150" />
            </Array>
          </mxGeometry>
        </mxCell>
        <mxCell id="54" style="shape=filledEdge;strokeWidth=2;strokeColor=#ff0000;fillColor=none;startArrow=open;startFill=0;startSize=6;endArrow=open;endFill=0;endSize=6;rounded=1;gliffyId=171;edgeStyle=orthogonalEdgeStyle;" parent="2" source="52" target="31" edge="1">
          <mxGeometry width="169.3333282470703" height="122.66666412353516" relative="1" as="geometry">
            <Array as="points">
              <mxPoint x="786" y="1261" />
              <mxPoint x="786" y="1381.5" />
              <mxPoint x="673.5" y="1381.5" />
            </Array>
          </mxGeometry>
        </mxCell>
        <mxCell id="55" value="&lt;div style=&quot;width: 178.76px;height:auto;word-break: break-word;&quot;&gt;&lt;div align=&quot;center&quot;&gt;&lt;span style=&quot;font-family: Arial; font-size: 36px; text-decoration: none; color: #ffffff; line-height: 0;&quot;&gt;&lt;span style=&quot;text-decoration: none; line-height: 41px;&quot;&gt;Marketo Engage&lt;/span&gt;&lt;/span&gt;&lt;/div&gt;&lt;/div&gt;" style="shape=cylinder3;boundedLbl=1;backgroundOutline=1;size=9;;shadow=0;strokeWidth=2;fillColor=#674ea7;strokeColor=#333333;gradientColor=#FFF8FF;gradientDirection=north;opacity=100.0;html=1;nl2Br=0;verticalAlign=middle;align=center;spacingLeft=11.12;spacingRight=6;whiteSpace=wrap;gliffyId=176;" parent="2" vertex="1">
          <mxGeometry x="1039" y="1276" width="192" height="111" as="geometry" />
        </mxCell>
        <mxCell id="56" style="shape=filledEdge;strokeWidth=2;strokeColor=#ff0000;fillColor=none;startArrow=open;startFill=0;startSize=6;endArrow=open;endFill=0;endSize=6;rounded=1;gliffyId=178;edgeStyle=orthogonalEdgeStyle;" parent="2" source="55" target="31" edge="1">
          <mxGeometry width="308" height="33.33333206176758" relative="1" as="geometry">
            <Array as="points">
              <mxPoint x="1095.2354736328125" y="1387" />
              <mxPoint x="1095.2354736328125" y="1471.5" />
              <mxPoint x="626.6370849609375" y="1471.5" />
              <mxPoint x="626.6370849609375" y="1431.5" />
            </Array>
          </mxGeometry>
        </mxCell>
        <mxCell id="57" style="shape=filledEdge;strokeWidth=2;strokeColor=#ff0000;fillColor=none;startArrow=open;startFill=0;startSize=6;endArrow=open;endFill=0;endSize=6;rounded=1;gliffyId=179;edgeStyle=orthogonalEdgeStyle;" parent="2" source="55" target="37" edge="1">
          <mxGeometry width="489.3333435058594" height="90.66666412353516" relative="1" as="geometry">
            <Array as="points">
              <mxPoint x="1135" y="1387" />
              <mxPoint x="1135" y="1675" />
              <mxPoint x="1002.0000610351562" y="1675" />
            </Array>
          </mxGeometry>
        </mxCell>
        <mxCell id="58" style="shape=filledEdge;strokeWidth=2;strokeColor=#ff0000;fillColor=none;startArrow=open;startFill=0;startSize=6;endArrow=none;endFill=0;endSize=6;rounded=1;gliffyId=181;edgeStyle=orthogonalEdgeStyle;" parent="2" source="55" edge="1">
          <mxGeometry width="20" height="365.3333435058594" relative="1" as="geometry">
            <mxPoint x="1134.6666259765625" y="1073.333251953125" as="targetPoint" />
            <Array as="points">
              <mxPoint x="1135" y="1276" />
              <mxPoint x="1135" y="1174.6666259765625" />
              <mxPoint x="1134.6666259765625" y="1174.6666259765625" />
            </Array>
          </mxGeometry>
        </mxCell>
        <mxCell id="59" style="shape=filledEdge;strokeWidth=2;strokeColor=#ff0000;fillColor=none;startArrow=open;startFill=0;startSize=6;endArrow=none;endFill=0;endSize=6;rounded=1;gliffyId=182;edgeStyle=orthogonalEdgeStyle;" parent="2" source="55" edge="1">
          <mxGeometry width="218.6666717529297" height="392" relative="1" as="geometry">
            <mxPoint x="1341.333251953125" y="1080" as="targetPoint" />
            <Array as="points">
              <mxPoint x="1231" y="1331.5" />
              <mxPoint x="1341.333251953125" y="1331.5" />
            </Array>
          </mxGeometry>
        </mxCell>
        <mxCell id="60" value="&lt;div style=&#39;width: 143.0px;height:auto;word-break: break-word;&#39;&gt;&lt;div align=&quot;center&quot;&gt;&lt;span style=&quot;font-family: Arial; font-size: 36px; text-decoration: none; line-height: 0;&quot;&gt;&lt;span style=&quot;text-decoration: none; line-height: 41px;&quot; class=&quot;&quot;&gt;Shopify&lt;/span&gt;&lt;/span&gt;&lt;/div&gt;&lt;/div&gt;" style="shape=cylinder3;boundedLbl=1;backgroundOutline=1;size=9;;shadow=0;strokeWidth=2;fillColor=#f9cb9c;strokeColor=#333333;gradientColor=#FFFFFF;gradientDirection=north;opacity=100.0;html=1;nl2Br=0;verticalAlign=middle;align=center;spacingLeft=8.0;spacingRight=6;whiteSpace=wrap;gliffyId=183;" parent="2" vertex="1">
          <mxGeometry x="615" y="971.5" width="150" height="120" as="geometry" />
        </mxCell>
        <mxCell id="61" style="shape=filledEdge;strokeWidth=2;strokeColor=#ff0000;fillColor=none;startArrow=none;startFill=0;startSize=6;endArrow=open;endFill=0;endSize=6;rounded=1;gliffyId=186;edgeStyle=orthogonalEdgeStyle;" parent="2" source="32" target="31" edge="1">
          <mxGeometry width="157.3333282470703" height="333.3333435058594" relative="1" as="geometry">
            <Array as="points">
              <mxPoint x="375" y="1031.5" />
              <mxPoint x="375" y="1381.5" />
              <mxPoint x="513.5" y="1381.5" />
            </Array>
          </mxGeometry>
        </mxCell>
        <mxCell id="62" value="&lt;div style=&#39;width: 112.2px;height:auto;word-break: break-word;&#39;&gt;&lt;div align=&quot;center&quot;&gt;&lt;span style=&quot;font-family: Arial; font-size: 18px; text-decoration: none; font-weight: bold; line-height: 0;&quot;&gt;&lt;span style=&quot;text-decoration: none; line-height: 20.5px;&quot;&gt;Outreach&lt;/span&gt;&lt;/span&gt;&lt;/div&gt;&lt;/div&gt;" style="shape=mxgraph.flowchart.terminator;shadow=0;strokeWidth=2;fillColor=#ea9999;strokeColor=#333333;gradientColor=#FFFFFF;gradientDirection=north;opacity=100.0;html=1;nl2Br=0;verticalAlign=middle;align=center;spacingLeft=8.4;spacingRight=6;whiteSpace=wrap;gliffyId=187;" parent="2" vertex="1">
          <mxGeometry x="420" y="1110" width="120" height="50" as="geometry" />
        </mxCell>
        <mxCell id="63" style="shape=filledEdge;strokeWidth=2;strokeColor=#ff0000;fillColor=none;startArrow=none;startFill=0;startSize=6;endArrow=open;endFill=0;endSize=6;rounded=1;gliffyId=189;edgeStyle=orthogonalEdgeStyle;" parent="2" source="62" target="31" edge="1">
          <mxGeometry width="48" height="301.3333435058594" relative="1" as="geometry">
            <Array as="points">
              <mxPoint x="480.0000305175781" y="1160" />
              <mxPoint x="480.0000305175781" y="1360.789306640625" />
              <mxPoint x="513.5" y="1360.789306640625" />
            </Array>
          </mxGeometry>
        </mxCell>
        <mxCell id="64" value="&lt;div style=&#39;width: 203.0px;height:auto;word-break: break-word;&#39;&gt;&lt;div align=&quot;center&quot;&gt;&lt;span style=&quot;font-family: Arial; font-size: 36px; text-decoration: none; line-height: 0;&quot;&gt;&lt;span style=&quot;text-decoration: none; line-height: 41px;&quot; class=&quot;&quot;&gt;Data Warehouse&lt;/span&gt;&lt;/span&gt;&lt;/div&gt;&lt;/div&gt;" style="shape=cylinder3;boundedLbl=1;backgroundOutline=1;size=9;;shadow=0;strokeWidth=2;fillColor=#ffe599;strokeColor=#333333;gradientColor=#FFFFFF;gradientDirection=north;opacity=100.0;html=1;nl2Br=0;verticalAlign=middle;align=center;spacingLeft=8.0;spacingRight=6;whiteSpace=wrap;gliffyId=191;" parent="2" vertex="1">
          <mxGeometry x="500" y="1820" width="210" height="130" as="geometry" />
        </mxCell>
        <mxCell id="65" value="&lt;div style=&#39;width: 293.0px;height:auto;word-break: break-word;&#39;&gt;&lt;div align=&quot;center&quot;&gt;&lt;span style=&quot;font-family: Arial; font-size: 36px; text-decoration: none; line-height: 0;&quot;&gt;&lt;span style=&quot;text-decoration: none; line-height: 41px;&quot; class=&quot;&quot;&gt;Looker BI&lt;/span&gt;&lt;/span&gt;&lt;/div&gt;&lt;/div&gt;" style="shape=rect;rounded=1;arcSize=15;absoluteArcSize=1;shadow=0;strokeWidth=2;fillColor=#d9ead3;strokeColor=#333333;gradientColor=#FFFFFF;gradientDirection=north;opacity=100.0;html=1;nl2Br=0;verticalAlign=middle;align=center;spacingLeft=8.0;spacingRight=6;whiteSpace=wrap;gliffyId=194;" parent="2" vertex="1">
          <mxGeometry x="1100" y="1835" width="300" height="100" as="geometry" />
        </mxCell>
        <mxCell id="66" style="shape=filledEdge;strokeWidth=2;strokeColor=#ff0000;fillColor=none;startArrow=none;startFill=0;startSize=6;endArrow=open;endFill=0;endSize=6;rounded=1;gliffyId=197;edgeStyle=orthogonalEdgeStyle;" parent="2" source="64" target="65" edge="1">
          <mxGeometry width="233.3333282470703" height="12" relative="1" as="geometry">
            <Array as="points">
              <mxPoint x="710" y="1885" />
              <mxPoint x="840" y="1885" />
              <mxPoint x="970" y="1885" />
              <mxPoint x="1100" y="1885" />
            </Array>
          </mxGeometry>
        </mxCell>
        <mxCell id="67" style="shape=filledEdge;strokeWidth=2;strokeColor=#ff0000;fillColor=none;startArrow=none;startFill=0;startSize=6;endArrow=open;endFill=0;endSize=6;rounded=1;gliffyId=199;edgeStyle=orthogonalEdgeStyle;" parent="2" source="31" target="64" edge="1">
          <mxGeometry width="20" height="394.6666564941406" relative="1" as="geometry">
            <Array as="points">
              <mxPoint x="560.3629150390625" y="1431.5" />
              <mxPoint x="560.3629150390625" y="1561.00048828125" />
              <mxPoint x="560.3629150390625" y="1690.5010986328125" />
              <mxPoint x="560.3629150390625" y="1820.001708984375" />
            </Array>
          </mxGeometry>
        </mxCell>
        <mxCell id="68" style="shape=filledEdge;strokeWidth=2;strokeColor=#ff0000;fillColor=none;startArrow=none;startFill=0;startSize=6;endArrow=open;endFill=0;endSize=6;rounded=1;gliffyId=200;edgeStyle=orthogonalEdgeStyle;" parent="2" source="52" target="64" edge="1">
          <mxGeometry width="313.3333435058594" height="546.6666870117188" relative="1" as="geometry">
            <Array as="points">
              <mxPoint x="746.2354736328125" y="1261" />
              <mxPoint x="746.2354736328125" y="1540.5" />
              <mxPoint x="605" y="1540.5" />
              <mxPoint x="605" y="1820" />
            </Array>
          </mxGeometry>
        </mxCell>
        <mxCell id="69" style="shape=filledEdge;strokeWidth=2;strokeColor=#ff0000;fillColor=none;startArrow=none;startFill=0;startSize=6;endArrow=open;endFill=0;endSize=6;rounded=1;gliffyId=201;edgeStyle=orthogonalEdgeStyle;" parent="2" source="55" target="64" edge="1">
          <mxGeometry width="442.6666564941406" height="302.6666564941406" relative="1" as="geometry">
            <Array as="points">
              <mxPoint x="1174.764404296875" y="1387" />
              <mxPoint x="1174.764404296875" y="1603.5" />
              <mxPoint x="648.4923706054688" y="1603.5" />
              <mxPoint x="648.4923706054688" y="1820" />
            </Array>
          </mxGeometry>
        </mxCell>
        <mxCell id="70" value="&lt;div style=&#39;width: 106.1094px;height:auto;word-break: break-word;&#39;&gt;&lt;div align=&quot;center&quot;&gt;&lt;span style=&quot;font-family: Helvetica; font-size: 16px; font-weight: bold; text-decoration: none; line-height: 16px;&quot;&gt;List Upload&lt;/span&gt;&lt;/div&gt;&lt;/div&gt;" style="shape=swimlane;collapsible=0;container=0;dropTarget=0;shadow=0;strokeWidth=2;fillColor=#FFFFFF;strokeColor=#BBBBBB;opacity=100.0;html=1;nl2Br=0;verticalAlign=top;align=center;spacingLeft=2.0;spacingRight=2;spacingTop=3.0;spacingBottom=10;gliffyId=207;;startSize=36;swimlaneFillColor=#FFFFFF;" parent="2" vertex="1">
          <mxGeometry x="1450" y="955" width="180" height="123" as="geometry" />
        </mxCell>
        <mxCell id="71" style="strokeWidth=1;shape=mxgraph.mockup.graphics.simpleIcon;strokeColor=#999999;" parent="70" vertex="1">
          <mxGeometry x="160" y="13" width="10" height="10" as="geometry" />
        </mxCell>
        <mxCell id="72" value="&lt;div style=&#39;width: 139.0px;height:auto;word-break: break-word;&#39;&gt;&lt;div align=&quot;left&quot;&gt;&lt;span style=&quot;font-size: 16px; line-height: 18.5px;&quot;&gt;Tradeshow&lt;/span&gt;&lt;/div&gt;&lt;div align=&quot;left&quot;&gt;&lt;span style=&quot;font-size: 16px; line-height: 18.5px;&quot;&gt;Event&lt;/span&gt;&lt;/div&gt;&lt;div align=&quot;left&quot;&gt;&lt;span style=&quot;font-size: 16px; line-height: 18.5px;&quot;&gt;List Purchase&lt;/span&gt;&lt;/div&gt;&lt;/div&gt;" style="text;html=1;nl2Br=0;html=1;nl2Br=0;verticalAlign=middle;align=left;spacingLeft=0.0;spacingRight=0;whiteSpace=wrap;gliffyId=211;" parent="2" vertex="1">
          <mxGeometry x="1469" y="1001.5" width="142" height="54" as="geometry" />
        </mxCell>
        <mxCell id="73" style="shape=filledEdge;strokeWidth=2;strokeColor=#ff0000;fillColor=none;startArrow=none;startFill=0;startSize=6;endArrow=open;endFill=0;endSize=6;rounded=1;gliffyId=213;edgeStyle=orthogonalEdgeStyle;" parent="2" target="55" edge="1">
          <mxGeometry width="310.6666564941406" height="413.3333435058594" relative="1" as="geometry">
            <mxPoint x="1548" y="1073.333251953125" as="sourcePoint" />
            <Array as="points">
              <mxPoint x="1546.833251953125" y="1073.333251953125" />
              <mxPoint x="1546.833251953125" y="1354.48876953125" />
              <mxPoint x="1231" y="1354.48876953125" />
            </Array>
          </mxGeometry>
        </mxCell>
        <mxCell id="74" value="&lt;div style=&#39;width: 112.2px;height:auto;word-break: break-word;&#39;&gt;&lt;div align=&quot;center&quot;&gt;&lt;span style=&quot;font-family: Arial; font-size: 18px; text-decoration: none; font-weight: bold; line-height: 0;&quot;&gt;&lt;span style=&quot;text-decoration: none; line-height: 20.5px;&quot;&gt;Privy&lt;/span&gt;&lt;/span&gt;&lt;/div&gt;&lt;/div&gt;" style="shape=mxgraph.flowchart.terminator;shadow=0;strokeWidth=2;fillColor=#dd7e6b;strokeColor=#333333;gradientColor=#FFFFFF;gradientDirection=north;opacity=100.0;html=1;nl2Br=0;verticalAlign=middle;align=center;spacingLeft=8.4;spacingRight=6;whiteSpace=wrap;gliffyId=219;" parent="2" vertex="1">
          <mxGeometry x="1275" y="432.5" width="120" height="50" as="geometry" />
        </mxCell>
        <mxCell id="75" style="shape=filledEdge;strokeWidth=2;strokeColor=#ff0000;fillColor=none;startArrow=none;startFill=0;startSize=6;endArrow=open;endFill=0;endSize=6;rounded=1;gliffyId=221;edgeStyle=orthogonalEdgeStyle;" parent="2" source="74" target="5" edge="1">
          <mxGeometry width="153.3333282470703" height="150.6666717529297" relative="1" as="geometry">
            <Array as="points">
              <mxPoint x="1275" y="457.5" />
              <mxPoint x="1197.5" y="457.5" />
              <mxPoint x="1197.5" y="603.210693359375" />
              <mxPoint x="1120" y="603.210693359375" />
            </Array>
          </mxGeometry>
        </mxCell>
        <mxCell id="76" value="&lt;div style=&#39;width: 112.2px;height:auto;word-break: break-word;&#39;&gt;&lt;div align=&quot;center&quot;&gt;&lt;span style=&quot;font-family: Arial; font-size: 16px; text-decoration: none; font-weight: bold; line-height: 0;&quot;&gt;&lt;span style=&quot;text-decoration: none; line-height: 18.5px;&quot;&gt;ZoomInfo&lt;/span&gt;&lt;/span&gt;&lt;/div&gt;&lt;/div&gt;" style="shape=mxgraph.flowchart.terminator;shadow=0;strokeWidth=2;fillColor=#ea9999;strokeColor=#333333;gradientColor=#FFFFFF;gradientDirection=north;opacity=100.0;html=1;nl2Br=0;verticalAlign=middle;align=center;spacingLeft=8.4;spacingRight=6;whiteSpace=wrap;gliffyId=223;" parent="2" vertex="1">
          <mxGeometry x="260" y="695" width="120" height="50" as="geometry" />
        </mxCell>
        <mxCell id="77" style="shape=filledEdge;strokeWidth=2;strokeColor=#ff0000;fillColor=none;startArrow=none;startFill=0;startSize=6;endArrow=open;endFill=0;endSize=6;rounded=1;gliffyId=225;edgeStyle=orthogonalEdgeStyle;" parent="2" source="76" target="4" edge="1">
          <mxGeometry width="225.3333282470703" height="65.33333587646484" relative="1" as="geometry">
            <Array as="points">
              <mxPoint x="320" y="695" />
              <mxPoint x="320" y="663.75" />
              <mxPoint x="549.3629150390625" y="663.75" />
              <mxPoint x="549.3629150390625" y="632.5" />
            </Array>
          </mxGeometry>
        </mxCell>
        <mxCell id="78" value="&lt;div style=&#39;width: 112.2px;height:auto;word-break: break-word;&#39;&gt;&lt;div align=&quot;center&quot;&gt;&lt;span style=&quot;font-family: Arial; font-size: 16px; text-decoration: none; font-weight: bold; line-height: 0;&quot;&gt;&lt;span style=&quot;text-decoration: none; line-height: 18.5px;&quot;&gt;ZoomInfo&lt;/span&gt;&lt;/span&gt;&lt;/div&gt;&lt;/div&gt;" style="shape=mxgraph.flowchart.terminator;shadow=0;strokeWidth=2;fillColor=#ea9999;strokeColor=#333333;gradientColor=#FFFFFF;gradientDirection=north;opacity=100.0;html=1;nl2Br=0;verticalAlign=middle;align=center;spacingLeft=8.4;spacingRight=6;whiteSpace=wrap;gliffyId=226;" parent="2" vertex="1">
          <mxGeometry x="142" y="167.5" width="120" height="50" as="geometry" />
        </mxCell>
        <mxCell id="79" style="shape=filledEdge;strokeWidth=2;strokeColor=#ff0000;fillColor=none;startArrow=none;startFill=0;startSize=6;endArrow=open;endFill=0;endSize=6;rounded=1;gliffyId=228;edgeStyle=orthogonalEdgeStyle;" parent="2" source="78" target="4" edge="1">
          <mxGeometry width="296" height="342.6666564941406" relative="1" as="geometry">
            <Array as="points">
              <mxPoint x="202" y="217.5" />
              <mxPoint x="202" y="561.789306640625" />
              <mxPoint x="502.5" y="561.789306640625" />
            </Array>
          </mxGeometry>
        </mxCell>
        <mxCell id="80" value="&lt;div style=&#39;width: 112.2px;height:auto;word-break: break-word;&#39;&gt;&lt;div align=&quot;center&quot;&gt;&lt;span style=&quot;font-family: Arial; font-size: 16px; text-decoration: none; font-weight: bold; line-height: 0;&quot;&gt;&lt;span style=&quot;text-decoration: none; line-height: 18.5px;&quot;&gt;ZoomInfo&lt;/span&gt;&lt;/span&gt;&lt;/div&gt;&lt;/div&gt;" style="shape=mxgraph.flowchart.terminator;shadow=0;strokeWidth=2;fillColor=#ea9999;strokeColor=#333333;gradientColor=#FFFFFF;gradientDirection=north;opacity=100.0;html=1;nl2Br=0;verticalAlign=middle;align=center;spacingLeft=8.4;spacingRight=6;whiteSpace=wrap;gliffyId=235;" parent="2" vertex="1">
          <mxGeometry x="380" y="1625" width="120" height="50" as="geometry" />
        </mxCell>
        <mxCell id="81" style="shape=filledEdge;strokeWidth=2;strokeColor=#ff0000;fillColor=none;startArrow=open;startFill=0;startSize=6;endArrow=open;endFill=0;endSize=6;rounded=1;gliffyId=237;edgeStyle=orthogonalEdgeStyle;" parent="2" source="80" target="31" edge="1">
          <mxGeometry width="121" height="196" relative="1" as="geometry">
            <Array as="points">
              <mxPoint x="440" y="1625" />
              <mxPoint x="440" y="1528.25" />
              <mxPoint x="560.3629150390625" y="1528.25" />
              <mxPoint x="560.3629150390625" y="1431.5" />
            </Array>
          </mxGeometry>
        </mxCell>
        <mxCell id="82" value="&lt;div style=&#39;width: 143.0px;height:auto;word-break: break-word;&#39;&gt;&lt;div align=&quot;center&quot;&gt;&lt;span style=&quot;font-family: Arial; font-size: 36px; text-decoration: none; line-height: 0;&quot;&gt;&lt;span style=&quot;text-decoration: none; line-height: 41px;&quot; class=&quot;&quot;&gt;Shopify&lt;/span&gt;&lt;/span&gt;&lt;/div&gt;&lt;/div&gt;" style="shape=cylinder3;boundedLbl=1;backgroundOutline=1;size=9;;shadow=0;strokeWidth=2;fillColor=#f9cb9c;strokeColor=#333333;gradientColor=#FFFFFF;gradientDirection=north;opacity=100.0;html=1;nl2Br=0;verticalAlign=middle;align=center;spacingLeft=8.0;spacingRight=6;whiteSpace=wrap;gliffyId=239;" parent="2" vertex="1">
          <mxGeometry x="415" y="144" width="150" height="120" as="geometry" />
        </mxCell>
      </root>
    </mxGraphModel>
  </diagram>
</mxfile>
